full_expt_name,index,score
Loader[adult]_Preprocessor[demo]_Synthesizer[demo]_Postprocessor[demo]_Evaluator[custom_[pairwise]],"('age', 'age')",100
Loader[adult]_Preprocessor[demo]_Synthesizer[demo]_Postprocessor[demo]_Evaluator[custom_[pairwise]],"('age', 'workclass')",100
Loader[adult]_Preprocessor[demo]_Synthesizer[demo]_Postprocessor[demo]_Evaluator[custom_[pairwise]],"('age', 'fnlwgt')",100
Loader[adult]_Preprocessor[demo]_Synthesizer[demo]_Postprocessor[demo]_Evaluator[custom_[pairwise]],"('age', 'education')",100
Loader[adult]_Preprocessor[demo]_Synthesizer[demo]_Postprocessor[demo]_Evaluator[custom_[pairwise]],"('age', 'educational-num')",100
Loader[adult]_Preprocessor[demo]_Synthesizer[demo]_Postprocessor[demo]_Evaluator[custom_[pairwise]],"('age', 'marital-status')",100
Loader[adult]_Preprocessor[demo]_Synthesizer[demo]_Postprocessor[demo]_Evaluator[custom_[pairwise]],"('age', 'occupation')",100
Loader[adult]_Preprocessor[demo]_Synthesizer[demo]_Postprocessor[demo]_Evaluator[custom_[pairwise]],"('age', 'relationship')",100
Loader[adult]_Preprocessor[demo]_Synthesizer[demo]_Postprocessor[demo]_Evaluator[custom_[pairwise]],"('age', 'race')",100
Loader[adult]_Preprocessor[demo]_Synthesizer[demo]_Postprocessor[demo]_Evaluator[custom_[pairwise]],"('age', 'gender')",100
Loader[adult]_Preprocessor[demo]_Synthesizer[demo]_Postprocessor[demo]_Evaluator[custom_[pairwise]],"('age', 'capital-gain')",100
Loader[adult]_Preprocessor[demo]_Synthesizer[demo]_Postprocessor[demo]_Evaluator[custom_[pairwise]],"('age', 'capital-loss')",100
Loader[adult]_Preprocessor[demo]_Synthesizer[demo]_Postprocessor[demo]_Evaluator[custom_[pairwise]],"('age', 'hours-per-week')",100
Loader[adult]_Preprocessor[demo]_Synthesizer[demo]_Postprocessor[demo]_Evaluator[custom_[pairwise]],"('age', 'native-country')",100
Loader[adult]_Preprocessor[demo]_Synthesizer[demo]_Postprocessor[demo]_Evaluator[custom_[pairwise]],"('age', 'income')",100
Loader[adult]_Preprocessor[demo]_Synthesizer[demo]_Postprocessor[demo]_Evaluator[custom_[pairwise]],"('workclass', 'age')",100
Loader[adult]_Preprocessor[demo]_Synthesizer[demo]_Postprocessor[demo]_Evaluator[custom_[pairwise]],"('workclass', 'workclass')",100
Loader[adult]_Preprocessor[demo]_Synthesizer[demo]_Postprocessor[demo]_Evaluator[custom_[pairwise]],"('workclass', 'fnlwgt')",100
Loader[adult]_Preprocessor[demo]_Synthesizer[demo]_Postprocessor[demo]_Evaluator[custom_[pairwise]],"('workclass', 'education')",100
Loader[adult]_Preprocessor[demo]_Synthesizer[demo]_Postprocessor[demo]_Evaluator[custom_[pairwise]],"('workclass', 'educational-num')",100
Loader[adult]_Preprocessor[demo]_Synthesizer[demo]_Postprocessor[demo]_Evaluator[custom_[pairwise]],"('workclass', 'marital-status')",100
Loader[adult]_Preprocessor[demo]_Synthesizer[demo]_Postprocessor[demo]_Evaluator[custom_[pairwise]],"('workclass', 'occupation')",100
Loader[adult]_Preprocessor[demo]_Synthesizer[demo]_Postprocessor[demo]_Evaluator[custom_[pairwise]],"('workclass', 'relationship')",100
Loader[adult]_Preprocessor[demo]_Synthesizer[demo]_Postprocessor[demo]_Evaluator[custom_[pairwise]],"('workclass', 'race')",100
Loader[adult]_Preprocessor[demo]_Synthesizer[demo]_Postprocessor[demo]_Evaluator[custom_[pairwise]],"('workclass', 'gender')",100
Loader[adult]_Preprocessor[demo]_Synthesizer[demo]_Postprocessor[demo]_Evaluator[custom_[pairwise]],"('workclass', 'capital-gain')",100
Loader[adult]_Preprocessor[demo]_Synthesizer[demo]_Postprocessor[demo]_Evaluator[custom_[pairwise]],"('workclass', 'capital-loss')",100
Loader[adult]_Preprocessor[demo]_Synthesizer[demo]_Postprocessor[demo]_Evaluator[custom_[pairwise]],"('workclass', 'hours-per-week')",100
Loader[adult]_Preprocessor[demo]_Synthesizer[demo]_Postprocessor[demo]_Evaluator[custom_[pairwise]],"('workclass', 'native-country')",100
Loader[adult]_Preprocessor[demo]_Synthesizer[demo]_Postprocessor[demo]_Evaluator[custom_[pairwise]],"('workclass', 'income')",100
Loader[adult]_Preprocessor[demo]_Synthesizer[demo]_Postprocessor[demo]_Evaluator[custom_[pairwise]],"('fnlwgt', 'age')",100
Loader[adult]_Preprocessor[demo]_Synthesizer[demo]_Postprocessor[demo]_Evaluator[custom_[pairwise]],"('fnlwgt', 'workclass')",100
Loader[adult]_Preprocessor[demo]_Synthesizer[demo]_Postprocessor[demo]_Evaluator[custom_[pairwise]],"('fnlwgt', 'fnlwgt')",100
Loader[adult]_Preprocessor[demo]_Synthesizer[demo]_Postprocessor[demo]_Evaluator[custom_[pairwise]],"('fnlwgt', 'education')",100
Loader[adult]_Preprocessor[demo]_Synthesizer[demo]_Postprocessor[demo]_Evaluator[custom_[pairwise]],"('fnlwgt', 'educational-num')",100
Loader[adult]_Preprocessor[demo]_Synthesizer[demo]_Postprocessor[demo]_Evaluator[custom_[pairwise]],"('fnlwgt', 'marital-status')",100
Loader[adult]_Preprocessor[demo]_Synthesizer[demo]_Postprocessor[demo]_Evaluator[custom_[pairwise]],"('fnlwgt', 'occupation')",100
Loader[adult]_Preprocessor[demo]_Synthesizer[demo]_Postprocessor[demo]_Evaluator[custom_[pairwise]],"('fnlwgt', 'relationship')",100
Loader[adult]_Preprocessor[demo]_Synthesizer[demo]_Postprocessor[demo]_Evaluator[custom_[pairwise]],"('fnlwgt', 'race')",100
Loader[adult]_Preprocessor[demo]_Synthesizer[demo]_Postprocessor[demo]_Evaluator[custom_[pairwise]],"('fnlwgt', 'gender')",100
Loader[adult]_Preprocessor[demo]_Synthesizer[demo]_Postprocessor[demo]_Evaluator[custom_[pairwise]],"('fnlwgt', 'capital-gain')",100
Loader[adult]_Preprocessor[demo]_Synthesizer[demo]_Postprocessor[demo]_Evaluator[custom_[pairwise]],"('fnlwgt', 'capital-loss')",100
Loader[adult]_Preprocessor[demo]_Synthesizer[demo]_Postprocessor[demo]_Evaluator[custom_[pairwise]],"('fnlwgt', 'hours-per-week')",100
Loader[adult]_Preprocessor[demo]_Synthesizer[demo]_Postprocessor[demo]_Evaluator[custom_[pairwise]],"('fnlwgt', 'native-country')",100
Loader[adult]_Preprocessor[demo]_Synthesizer[demo]_Postprocessor[demo]_Evaluator[custom_[pairwise]],"('fnlwgt', 'income')",100
Loader[adult]_Preprocessor[demo]_Synthesizer[demo]_Postprocessor[demo]_Evaluator[custom_[pairwise]],"('education', 'age')",100
Loader[adult]_Preprocessor[demo]_Synthesizer[demo]_Postprocessor[demo]_Evaluator[custom_[pairwise]],"('education', 'workclass')",100
Loader[adult]_Preprocessor[demo]_Synthesizer[demo]_Postprocessor[demo]_Evaluator[custom_[pairwise]],"('education', 'fnlwgt')",100
Loader[adult]_Preprocessor[demo]_Synthesizer[demo]_Postprocessor[demo]_Evaluator[custom_[pairwise]],"('education', 'education')",100
Loader[adult]_Preprocessor[demo]_Synthesizer[demo]_Postprocessor[demo]_Evaluator[custom_[pairwise]],"('education', 'educational-num')",100
Loader[adult]_Preprocessor[demo]_Synthesizer[demo]_Postprocessor[demo]_Evaluator[custom_[pairwise]],"('education', 'marital-status')",100
Loader[adult]_Preprocessor[demo]_Synthesizer[demo]_Postprocessor[demo]_Evaluator[custom_[pairwise]],"('education', 'occupation')",100
Loader[adult]_Preprocessor[demo]_Synthesizer[demo]_Postprocessor[demo]_Evaluator[custom_[pairwise]],"('education', 'relationship')",100
Loader[adult]_Preprocessor[demo]_Synthesizer[demo]_Postprocessor[demo]_Evaluator[custom_[pairwise]],"('education', 'race')",100
Loader[adult]_Preprocessor[demo]_Synthesizer[demo]_Postprocessor[demo]_Evaluator[custom_[pairwise]],"('education', 'gender')",100
Loader[adult]_Preprocessor[demo]_Synthesizer[demo]_Postprocessor[demo]_Evaluator[custom_[pairwise]],"('education', 'capital-gain')",100
Loader[adult]_Preprocessor[demo]_Synthesizer[demo]_Postprocessor[demo]_Evaluator[custom_[pairwise]],"('education', 'capital-loss')",100
Loader[adult]_Preprocessor[demo]_Synthesizer[demo]_Postprocessor[demo]_Evaluator[custom_[pairwise]],"('education', 'hours-per-week')",100
Loader[adult]_Preprocessor[demo]_Synthesizer[demo]_Postprocessor[demo]_Evaluator[custom_[pairwise]],"('education', 'native-country')",100
Loader[adult]_Preprocessor[demo]_Synthesizer[demo]_Postprocessor[demo]_Evaluator[custom_[pairwise]],"('education', 'income')",100
Loader[adult]_Preprocessor[demo]_Synthesizer[demo]_Postprocessor[demo]_Evaluator[custom_[pairwise]],"('educational-num', 'age')",100
Loader[adult]_Preprocessor[demo]_Synthesizer[demo]_Postprocessor[demo]_Evaluator[custom_[pairwise]],"('educational-num', 'workclass')",100
Loader[adult]_Preprocessor[demo]_Synthesizer[demo]_Postprocessor[demo]_Evaluator[custom_[pairwise]],"('educational-num', 'fnlwgt')",100
Loader[adult]_Preprocessor[demo]_Synthesizer[demo]_Postprocessor[demo]_Evaluator[custom_[pairwise]],"('educational-num', 'education')",100
Loader[adult]_Preprocessor[demo]_Synthesizer[demo]_Postprocessor[demo]_Evaluator[custom_[pairwise]],"('educational-num', 'educational-num')",100
Loader[adult]_Preprocessor[demo]_Synthesizer[demo]_Postprocessor[demo]_Evaluator[custom_[pairwise]],"('educational-num', 'marital-status')",100
Loader[adult]_Preprocessor[demo]_Synthesizer[demo]_Postprocessor[demo]_Evaluator[custom_[pairwise]],"('educational-num', 'occupation')",100
Loader[adult]_Preprocessor[demo]_Synthesizer[demo]_Postprocessor[demo]_Evaluator[custom_[pairwise]],"('educational-num', 'relationship')",100
Loader[adult]_Preprocessor[demo]_Synthesizer[demo]_Postprocessor[demo]_Evaluator[custom_[pairwise]],"('educational-num', 'race')",100
Loader[adult]_Preprocessor[demo]_Synthesizer[demo]_Postprocessor[demo]_Evaluator[custom_[pairwise]],"('educational-num', 'gender')",100
Loader[adult]_Preprocessor[demo]_Synthesizer[demo]_Postprocessor[demo]_Evaluator[custom_[pairwise]],"('educational-num', 'capital-gain')",100
Loader[adult]_Preprocessor[demo]_Synthesizer[demo]_Postprocessor[demo]_Evaluator[custom_[pairwise]],"('educational-num', 'capital-loss')",100
Loader[adult]_Preprocessor[demo]_Synthesizer[demo]_Postprocessor[demo]_Evaluator[custom_[pairwise]],"('educational-num', 'hours-per-week')",100
Loader[adult]_Preprocessor[demo]_Synthesizer[demo]_Postprocessor[demo]_Evaluator[custom_[pairwise]],"('educational-num', 'native-country')",100
Loader[adult]_Preprocessor[demo]_Synthesizer[demo]_Postprocessor[demo]_Evaluator[custom_[pairwise]],"('educational-num', 'income')",100
Loader[adult]_Preprocessor[demo]_Synthesizer[demo]_Postprocessor[demo]_Evaluator[custom_[pairwise]],"('marital-status', 'age')",100
Loader[adult]_Preprocessor[demo]_Synthesizer[demo]_Postprocessor[demo]_Evaluator[custom_[pairwise]],"('marital-status', 'workclass')",100
Loader[adult]_Preprocessor[demo]_Synthesizer[demo]_Postprocessor[demo]_Evaluator[custom_[pairwise]],"('marital-status', 'fnlwgt')",100
Loader[adult]_Preprocessor[demo]_Synthesizer[demo]_Postprocessor[demo]_Evaluator[custom_[pairwise]],"('marital-status', 'education')",100
Loader[adult]_Preprocessor[demo]_Synthesizer[demo]_Postprocessor[demo]_Evaluator[custom_[pairwise]],"('marital-status', 'educational-num')",100
Loader[adult]_Preprocessor[demo]_Synthesizer[demo]_Postprocessor[demo]_Evaluator[custom_[pairwise]],"('marital-status', 'marital-status')",100
Loader[adult]_Preprocessor[demo]_Synthesizer[demo]_Postprocessor[demo]_Evaluator[custom_[pairwise]],"('marital-status', 'occupation')",100
Loader[adult]_Preprocessor[demo]_Synthesizer[demo]_Postprocessor[demo]_Evaluator[custom_[pairwise]],"('marital-status', 'relationship')",100
Loader[adult]_Preprocessor[demo]_Synthesizer[demo]_Postprocessor[demo]_Evaluator[custom_[pairwise]],"('marital-status', 'race')",100
Loader[adult]_Preprocessor[demo]_Synthesizer[demo]_Postprocessor[demo]_Evaluator[custom_[pairwise]],"('marital-status', 'gender')",100
Loader[adult]_Preprocessor[demo]_Synthesizer[demo]_Postprocessor[demo]_Evaluator[custom_[pairwise]],"('marital-status', 'capital-gain')",100
Loader[adult]_Preprocessor[demo]_Synthesizer[demo]_Postprocessor[demo]_Evaluator[custom_[pairwise]],"('marital-status', 'capital-loss')",100
Loader[adult]_Preprocessor[demo]_Synthesizer[demo]_Postprocessor[demo]_Evaluator[custom_[pairwise]],"('marital-status', 'hours-per-week')",100
Loader[adult]_Preprocessor[demo]_Synthesizer[demo]_Postprocessor[demo]_Evaluator[custom_[pairwise]],"('marital-status', 'native-country')",100
Loader[adult]_Preprocessor[demo]_Synthesizer[demo]_Postprocessor[demo]_Evaluator[custom_[pairwise]],"('marital-status', 'income')",100
Loader[adult]_Preprocessor[demo]_Synthesizer[demo]_Postprocessor[demo]_Evaluator[custom_[pairwise]],"('occupation', 'age')",100
Loader[adult]_Preprocessor[demo]_Synthesizer[demo]_Postprocessor[demo]_Evaluator[custom_[pairwise]],"('occupation', 'workclass')",100
Loader[adult]_Preprocessor[demo]_Synthesizer[demo]_Postprocessor[demo]_Evaluator[custom_[pairwise]],"('occupation', 'fnlwgt')",100
Loader[adult]_Preprocessor[demo]_Synthesizer[demo]_Postprocessor[demo]_Evaluator[custom_[pairwise]],"('occupation', 'education')",100
Loader[adult]_Preprocessor[demo]_Synthesizer[demo]_Postprocessor[demo]_Evaluator[custom_[pairwise]],"('occupation', 'educational-num')",100
Loader[adult]_Preprocessor[demo]_Synthesizer[demo]_Postprocessor[demo]_Evaluator[custom_[pairwise]],"('occupation', 'marital-status')",100
Loader[adult]_Preprocessor[demo]_Synthesizer[demo]_Postprocessor[demo]_Evaluator[custom_[pairwise]],"('occupation', 'occupation')",100
Loader[adult]_Preprocessor[demo]_Synthesizer[demo]_Postprocessor[demo]_Evaluator[custom_[pairwise]],"('occupation', 'relationship')",100
Loader[adult]_Preprocessor[demo]_Synthesizer[demo]_Postprocessor[demo]_Evaluator[custom_[pairwise]],"('occupation', 'race')",100
Loader[adult]_Preprocessor[demo]_Synthesizer[demo]_Postprocessor[demo]_Evaluator[custom_[pairwise]],"('occupation', 'gender')",100
Loader[adult]_Preprocessor[demo]_Synthesizer[demo]_Postprocessor[demo]_Evaluator[custom_[pairwise]],"('occupation', 'capital-gain')",100
Loader[adult]_Preprocessor[demo]_Synthesizer[demo]_Postprocessor[demo]_Evaluator[custom_[pairwise]],"('occupation', 'capital-loss')",100
Loader[adult]_Preprocessor[demo]_Synthesizer[demo]_Postprocessor[demo]_Evaluator[custom_[pairwise]],"('occupation', 'hours-per-week')",100
Loader[adult]_Preprocessor[demo]_Synthesizer[demo]_Postprocessor[demo]_Evaluator[custom_[pairwise]],"('occupation', 'native-country')",100
Loader[adult]_Preprocessor[demo]_Synthesizer[demo]_Postprocessor[demo]_Evaluator[custom_[pairwise]],"('occupation', 'income')",100
Loader[adult]_Preprocessor[demo]_Synthesizer[demo]_Postprocessor[demo]_Evaluator[custom_[pairwise]],"('relationship', 'age')",100
Loader[adult]_Preprocessor[demo]_Synthesizer[demo]_Postprocessor[demo]_Evaluator[custom_[pairwise]],"('relationship', 'workclass')",100
Loader[adult]_Preprocessor[demo]_Synthesizer[demo]_Postprocessor[demo]_Evaluator[custom_[pairwise]],"('relationship', 'fnlwgt')",100
Loader[adult]_Preprocessor[demo]_Synthesizer[demo]_Postprocessor[demo]_Evaluator[custom_[pairwise]],"('relationship', 'education')",100
Loader[adult]_Preprocessor[demo]_Synthesizer[demo]_Postprocessor[demo]_Evaluator[custom_[pairwise]],"('relationship', 'educational-num')",100
Loader[adult]_Preprocessor[demo]_Synthesizer[demo]_Postprocessor[demo]_Evaluator[custom_[pairwise]],"('relationship', 'marital-status')",100
Loader[adult]_Preprocessor[demo]_Synthesizer[demo]_Postprocessor[demo]_Evaluator[custom_[pairwise]],"('relationship', 'occupation')",100
Loader[adult]_Preprocessor[demo]_Synthesizer[demo]_Postprocessor[demo]_Evaluator[custom_[pairwise]],"('relationship', 'relationship')",100
Loader[adult]_Preprocessor[demo]_Synthesizer[demo]_Postprocessor[demo]_Evaluator[custom_[pairwise]],"('relationship', 'race')",100
Loader[adult]_Preprocessor[demo]_Synthesizer[demo]_Postprocessor[demo]_Evaluator[custom_[pairwise]],"('relationship', 'gender')",100
Loader[adult]_Preprocessor[demo]_Synthesizer[demo]_Postprocessor[demo]_Evaluator[custom_[pairwise]],"('relationship', 'capital-gain')",100
Loader[adult]_Preprocessor[demo]_Synthesizer[demo]_Postprocessor[demo]_Evaluator[custom_[pairwise]],"('relationship', 'capital-loss')",100
Loader[adult]_Preprocessor[demo]_Synthesizer[demo]_Postprocessor[demo]_Evaluator[custom_[pairwise]],"('relationship', 'hours-per-week')",100
Loader[adult]_Preprocessor[demo]_Synthesizer[demo]_Postprocessor[demo]_Evaluator[custom_[pairwise]],"('relationship', 'native-country')",100
Loader[adult]_Preprocessor[demo]_Synthesizer[demo]_Postprocessor[demo]_Evaluator[custom_[pairwise]],"('relationship', 'income')",100
Loader[adult]_Preprocessor[demo]_Synthesizer[demo]_Postprocessor[demo]_Evaluator[custom_[pairwise]],"('race', 'age')",100
Loader[adult]_Preprocessor[demo]_Synthesizer[demo]_Postprocessor[demo]_Evaluator[custom_[pairwise]],"('race', 'workclass')",100
Loader[adult]_Preprocessor[demo]_Synthesizer[demo]_Postprocessor[demo]_Evaluator[custom_[pairwise]],"('race', 'fnlwgt')",100
Loader[adult]_Preprocessor[demo]_Synthesizer[demo]_Postprocessor[demo]_Evaluator[custom_[pairwise]],"('race', 'education')",100
Loader[adult]_Preprocessor[demo]_Synthesizer[demo]_Postprocessor[demo]_Evaluator[custom_[pairwise]],"('race', 'educational-num')",100
Loader[adult]_Preprocessor[demo]_Synthesizer[demo]_Postprocessor[demo]_Evaluator[custom_[pairwise]],"('race', 'marital-status')",100
Loader[adult]_Preprocessor[demo]_Synthesizer[demo]_Postprocessor[demo]_Evaluator[custom_[pairwise]],"('race', 'occupation')",100
Loader[adult]_Preprocessor[demo]_Synthesizer[demo]_Postprocessor[demo]_Evaluator[custom_[pairwise]],"('race', 'relationship')",100
Loader[adult]_Preprocessor[demo]_Synthesizer[demo]_Postprocessor[demo]_Evaluator[custom_[pairwise]],"('race', 'race')",100
Loader[adult]_Preprocessor[demo]_Synthesizer[demo]_Postprocessor[demo]_Evaluator[custom_[pairwise]],"('race', 'gender')",100
Loader[adult]_Preprocessor[demo]_Synthesizer[demo]_Postprocessor[demo]_Evaluator[custom_[pairwise]],"('race', 'capital-gain')",100
Loader[adult]_Preprocessor[demo]_Synthesizer[demo]_Postprocessor[demo]_Evaluator[custom_[pairwise]],"('race', 'capital-loss')",100
Loader[adult]_Preprocessor[demo]_Synthesizer[demo]_Postprocessor[demo]_Evaluator[custom_[pairwise]],"('race', 'hours-per-week')",100
Loader[adult]_Preprocessor[demo]_Synthesizer[demo]_Postprocessor[demo]_Evaluator[custom_[pairwise]],"('race', 'native-country')",100
Loader[adult]_Preprocessor[demo]_Synthesizer[demo]_Postprocessor[demo]_Evaluator[custom_[pairwise]],"('race', 'income')",100
Loader[adult]_Preprocessor[demo]_Synthesizer[demo]_Postprocessor[demo]_Evaluator[custom_[pairwise]],"('gender', 'age')",100
Loader[adult]_Preprocessor[demo]_Synthesizer[demo]_Postprocessor[demo]_Evaluator[custom_[pairwise]],"('gender', 'workclass')",100
Loader[adult]_Preprocessor[demo]_Synthesizer[demo]_Postprocessor[demo]_Evaluator[custom_[pairwise]],"('gender', 'fnlwgt')",100
Loader[adult]_Preprocessor[demo]_Synthesizer[demo]_Postprocessor[demo]_Evaluator[custom_[pairwise]],"('gender', 'education')",100
Loader[adult]_Preprocessor[demo]_Synthesizer[demo]_Postprocessor[demo]_Evaluator[custom_[pairwise]],"('gender', 'educational-num')",100
Loader[adult]_Preprocessor[demo]_Synthesizer[demo]_Postprocessor[demo]_Evaluator[custom_[pairwise]],"('gender', 'marital-status')",100
Loader[adult]_Preprocessor[demo]_Synthesizer[demo]_Postprocessor[demo]_Evaluator[custom_[pairwise]],"('gender', 'occupation')",100
Loader[adult]_Preprocessor[demo]_Synthesizer[demo]_Postprocessor[demo]_Evaluator[custom_[pairwise]],"('gender', 'relationship')",100
Loader[adult]_Preprocessor[demo]_Synthesizer[demo]_Postprocessor[demo]_Evaluator[custom_[pairwise]],"('gender', 'race')",100
Loader[adult]_Preprocessor[demo]_Synthesizer[demo]_Postprocessor[demo]_Evaluator[custom_[pairwise]],"('gender', 'gender')",100
Loader[adult]_Preprocessor[demo]_Synthesizer[demo]_Postprocessor[demo]_Evaluator[custom_[pairwise]],"('gender', 'capital-gain')",100
Loader[adult]_Preprocessor[demo]_Synthesizer[demo]_Postprocessor[demo]_Evaluator[custom_[pairwise]],"('gender', 'capital-loss')",100
Loader[adult]_Preprocessor[demo]_Synthesizer[demo]_Postprocessor[demo]_Evaluator[custom_[pairwise]],"('gender', 'hours-per-week')",100
Loader[adult]_Preprocessor[demo]_Synthesizer[demo]_Postprocessor[demo]_Evaluator[custom_[pairwise]],"('gender', 'native-country')",100
Loader[adult]_Preprocessor[demo]_Synthesizer[demo]_Postprocessor[demo]_Evaluator[custom_[pairwise]],"('gender', 'income')",100
Loader[adult]_Preprocessor[demo]_Synthesizer[demo]_Postprocessor[demo]_Evaluator[custom_[pairwise]],"('capital-gain', 'age')",100
Loader[adult]_Preprocessor[demo]_Synthesizer[demo]_Postprocessor[demo]_Evaluator[custom_[pairwise]],"('capital-gain', 'workclass')",100
Loader[adult]_Preprocessor[demo]_Synthesizer[demo]_Postprocessor[demo]_Evaluator[custom_[pairwise]],"('capital-gain', 'fnlwgt')",100
Loader[adult]_Preprocessor[demo]_Synthesizer[demo]_Postprocessor[demo]_Evaluator[custom_[pairwise]],"('capital-gain', 'education')",100
Loader[adult]_Preprocessor[demo]_Synthesizer[demo]_Postprocessor[demo]_Evaluator[custom_[pairwise]],"('capital-gain', 'educational-num')",100
Loader[adult]_Preprocessor[demo]_Synthesizer[demo]_Postprocessor[demo]_Evaluator[custom_[pairwise]],"('capital-gain', 'marital-status')",100
Loader[adult]_Preprocessor[demo]_Synthesizer[demo]_Postprocessor[demo]_Evaluator[custom_[pairwise]],"('capital-gain', 'occupation')",100
Loader[adult]_Preprocessor[demo]_Synthesizer[demo]_Postprocessor[demo]_Evaluator[custom_[pairwise]],"('capital-gain', 'relationship')",100
Loader[adult]_Preprocessor[demo]_Synthesizer[demo]_Postprocessor[demo]_Evaluator[custom_[pairwise]],"('capital-gain', 'race')",100
Loader[adult]_Preprocessor[demo]_Synthesizer[demo]_Postprocessor[demo]_Evaluator[custom_[pairwise]],"('capital-gain', 'gender')",100
Loader[adult]_Preprocessor[demo]_Synthesizer[demo]_Postprocessor[demo]_Evaluator[custom_[pairwise]],"('capital-gain', 'capital-gain')",100
Loader[adult]_Preprocessor[demo]_Synthesizer[demo]_Postprocessor[demo]_Evaluator[custom_[pairwise]],"('capital-gain', 'capital-loss')",100
Loader[adult]_Preprocessor[demo]_Synthesizer[demo]_Postprocessor[demo]_Evaluator[custom_[pairwise]],"('capital-gain', 'hours-per-week')",100
Loader[adult]_Preprocessor[demo]_Synthesizer[demo]_Postprocessor[demo]_Evaluator[custom_[pairwise]],"('capital-gain', 'native-country')",100
Loader[adult]_Preprocessor[demo]_Synthesizer[demo]_Postprocessor[demo]_Evaluator[custom_[pairwise]],"('capital-gain', 'income')",100
Loader[adult]_Preprocessor[demo]_Synthesizer[demo]_Postprocessor[demo]_Evaluator[custom_[pairwise]],"('capital-loss', 'age')",100
Loader[adult]_Preprocessor[demo]_Synthesizer[demo]_Postprocessor[demo]_Evaluator[custom_[pairwise]],"('capital-loss', 'workclass')",100
Loader[adult]_Preprocessor[demo]_Synthesizer[demo]_Postprocessor[demo]_Evaluator[custom_[pairwise]],"('capital-loss', 'fnlwgt')",100
Loader[adult]_Preprocessor[demo]_Synthesizer[demo]_Postprocessor[demo]_Evaluator[custom_[pairwise]],"('capital-loss', 'education')",100
Loader[adult]_Preprocessor[demo]_Synthesizer[demo]_Postprocessor[demo]_Evaluator[custom_[pairwise]],"('capital-loss', 'educational-num')",100
Loader[adult]_Preprocessor[demo]_Synthesizer[demo]_Postprocessor[demo]_Evaluator[custom_[pairwise]],"('capital-loss', 'marital-status')",100
Loader[adult]_Preprocessor[demo]_Synthesizer[demo]_Postprocessor[demo]_Evaluator[custom_[pairwise]],"('capital-loss', 'occupation')",100
Loader[adult]_Preprocessor[demo]_Synthesizer[demo]_Postprocessor[demo]_Evaluator[custom_[pairwise]],"('capital-loss', 'relationship')",100
Loader[adult]_Preprocessor[demo]_Synthesizer[demo]_Postprocessor[demo]_Evaluator[custom_[pairwise]],"('capital-loss', 'race')",100
Loader[adult]_Preprocessor[demo]_Synthesizer[demo]_Postprocessor[demo]_Evaluator[custom_[pairwise]],"('capital-loss', 'gender')",100
Loader[adult]_Preprocessor[demo]_Synthesizer[demo]_Postprocessor[demo]_Evaluator[custom_[pairwise]],"('capital-loss', 'capital-gain')",100
Loader[adult]_Preprocessor[demo]_Synthesizer[demo]_Postprocessor[demo]_Evaluator[custom_[pairwise]],"('capital-loss', 'capital-loss')",100
Loader[adult]_Preprocessor[demo]_Synthesizer[demo]_Postprocessor[demo]_Evaluator[custom_[pairwise]],"('capital-loss', 'hours-per-week')",100
Loader[adult]_Preprocessor[demo]_Synthesizer[demo]_Postprocessor[demo]_Evaluator[custom_[pairwise]],"('capital-loss', 'native-country')",100
Loader[adult]_Preprocessor[demo]_Synthesizer[demo]_Postprocessor[demo]_Evaluator[custom_[pairwise]],"('capital-loss', 'income')",100
Loader[adult]_Preprocessor[demo]_Synthesizer[demo]_Postprocessor[demo]_Evaluator[custom_[pairwise]],"('hours-per-week', 'age')",100
Loader[adult]_Preprocessor[demo]_Synthesizer[demo]_Postprocessor[demo]_Evaluator[custom_[pairwise]],"('hours-per-week', 'workclass')",100
Loader[adult]_Preprocessor[demo]_Synthesizer[demo]_Postprocessor[demo]_Evaluator[custom_[pairwise]],"('hours-per-week', 'fnlwgt')",100
Loader[adult]_Preprocessor[demo]_Synthesizer[demo]_Postprocessor[demo]_Evaluator[custom_[pairwise]],"('hours-per-week', 'education')",100
Loader[adult]_Preprocessor[demo]_Synthesizer[demo]_Postprocessor[demo]_Evaluator[custom_[pairwise]],"('hours-per-week', 'educational-num')",100
Loader[adult]_Preprocessor[demo]_Synthesizer[demo]_Postprocessor[demo]_Evaluator[custom_[pairwise]],"('hours-per-week', 'marital-status')",100
Loader[adult]_Preprocessor[demo]_Synthesizer[demo]_Postprocessor[demo]_Evaluator[custom_[pairwise]],"('hours-per-week', 'occupation')",100
Loader[adult]_Preprocessor[demo]_Synthesizer[demo]_Postprocessor[demo]_Evaluator[custom_[pairwise]],"('hours-per-week', 'relationship')",100
Loader[adult]_Preprocessor[demo]_Synthesizer[demo]_Postprocessor[demo]_Evaluator[custom_[pairwise]],"('hours-per-week', 'race')",100
Loader[adult]_Preprocessor[demo]_Synthesizer[demo]_Postprocessor[demo]_Evaluator[custom_[pairwise]],"('hours-per-week', 'gender')",100
Loader[adult]_Preprocessor[demo]_Synthesizer[demo]_Postprocessor[demo]_Evaluator[custom_[pairwise]],"('hours-per-week', 'capital-gain')",100
Loader[adult]_Preprocessor[demo]_Synthesizer[demo]_Postprocessor[demo]_Evaluator[custom_[pairwise]],"('hours-per-week', 'capital-loss')",100
Loader[adult]_Preprocessor[demo]_Synthesizer[demo]_Postprocessor[demo]_Evaluator[custom_[pairwise]],"('hours-per-week', 'hours-per-week')",100
Loader[adult]_Preprocessor[demo]_Synthesizer[demo]_Postprocessor[demo]_Evaluator[custom_[pairwise]],"('hours-per-week', 'native-country')",100
Loader[adult]_Preprocessor[demo]_Synthesizer[demo]_Postprocessor[demo]_Evaluator[custom_[pairwise]],"('hours-per-week', 'income')",100
Loader[adult]_Preprocessor[demo]_Synthesizer[demo]_Postprocessor[demo]_Evaluator[custom_[pairwise]],"('native-country', 'age')",100
Loader[adult]_Preprocessor[demo]_Synthesizer[demo]_Postprocessor[demo]_Evaluator[custom_[pairwise]],"('native-country', 'workclass')",100
Loader[adult]_Preprocessor[demo]_Synthesizer[demo]_Postprocessor[demo]_Evaluator[custom_[pairwise]],"('native-country', 'fnlwgt')",100
Loader[adult]_Preprocessor[demo]_Synthesizer[demo]_Postprocessor[demo]_Evaluator[custom_[pairwise]],"('native-country', 'education')",100
Loader[adult]_Preprocessor[demo]_Synthesizer[demo]_Postprocessor[demo]_Evaluator[custom_[pairwise]],"('native-country', 'educational-num')",100
Loader[adult]_Preprocessor[demo]_Synthesizer[demo]_Postprocessor[demo]_Evaluator[custom_[pairwise]],"('native-country', 'marital-status')",100
Loader[adult]_Preprocessor[demo]_Synthesizer[demo]_Postprocessor[demo]_Evaluator[custom_[pairwise]],"('native-country', 'occupation')",100
Loader[adult]_Preprocessor[demo]_Synthesizer[demo]_Postprocessor[demo]_Evaluator[custom_[pairwise]],"('native-country', 'relationship')",100
Loader[adult]_Preprocessor[demo]_Synthesizer[demo]_Postprocessor[demo]_Evaluator[custom_[pairwise]],"('native-country', 'race')",100
Loader[adult]_Preprocessor[demo]_Synthesizer[demo]_Postprocessor[demo]_Evaluator[custom_[pairwise]],"('native-country', 'gender')",100
Loader[adult]_Preprocessor[demo]_Synthesizer[demo]_Postprocessor[demo]_Evaluator[custom_[pairwise]],"('native-country', 'capital-gain')",100
Loader[adult]_Preprocessor[demo]_Synthesizer[demo]_Postprocessor[demo]_Evaluator[custom_[pairwise]],"('native-country', 'capital-loss')",100
Loader[adult]_Preprocessor[demo]_Synthesizer[demo]_Postprocessor[demo]_Evaluator[custom_[pairwise]],"('native-country', 'hours-per-week')",100
Loader[adult]_Preprocessor[demo]_Synthesizer[demo]_Postprocessor[demo]_Evaluator[custom_[pairwise]],"('native-country', 'native-country')",100
Loader[adult]_Preprocessor[demo]_Synthesizer[demo]_Postprocessor[demo]_Evaluator[custom_[pairwise]],"('native-country', 'income')",100
Loader[adult]_Preprocessor[demo]_Synthesizer[demo]_Postprocessor[demo]_Evaluator[custom_[pairwise]],"('income', 'age')",100
Loader[adult]_Preprocessor[demo]_Synthesizer[demo]_Postprocessor[demo]_Evaluator[custom_[pairwise]],"('income', 'workclass')",100
Loader[adult]_Preprocessor[demo]_Synthesizer[demo]_Postprocessor[demo]_Evaluator[custom_[pairwise]],"('income', 'fnlwgt')",100
Loader[adult]_Preprocessor[demo]_Synthesizer[demo]_Postprocessor[demo]_Evaluator[custom_[pairwise]],"('income', 'education')",100
Loader[adult]_Preprocessor[demo]_Synthesizer[demo]_Postprocessor[demo]_Evaluator[custom_[pairwise]],"('income', 'educational-num')",100
Loader[adult]_Preprocessor[demo]_Synthesizer[demo]_Postprocessor[demo]_Evaluator[custom_[pairwise]],"('income', 'marital-status')",100
Loader[adult]_Preprocessor[demo]_Synthesizer[demo]_Postprocessor[demo]_Evaluator[custom_[pairwise]],"('income', 'occupation')",100
Loader[adult]_Preprocessor[demo]_Synthesizer[demo]_Postprocessor[demo]_Evaluator[custom_[pairwise]],"('income', 'relationship')",100
Loader[adult]_Preprocessor[demo]_Synthesizer[demo]_Postprocessor[demo]_Evaluator[custom_[pairwise]],"('income', 'race')",100
Loader[adult]_Preprocessor[demo]_Synthesizer[demo]_Postprocessor[demo]_Evaluator[custom_[pairwise]],"('income', 'gender')",100
Loader[adult]_Preprocessor[demo]_Synthesizer[demo]_Postprocessor[demo]_Evaluator[custom_[pairwise]],"('income', 'capital-gain')",100
Loader[adult]_Preprocessor[demo]_Synthesizer[demo]_Postprocessor[demo]_Evaluator[custom_[pairwise]],"('income', 'capital-loss')",100
Loader[adult]_Preprocessor[demo]_Synthesizer[demo]_Postprocessor[demo]_Evaluator[custom_[pairwise]],"('income', 'hours-per-week')",100
Loader[adult]_Preprocessor[demo]_Synthesizer[demo]_Postprocessor[demo]_Evaluator[custom_[pairwise]],"('income', 'native-country')",100
Loader[adult]_Preprocessor[demo]_Synthesizer[demo]_Postprocessor[demo]_Evaluator[custom_[pairwise]],"('income', 'income')",100
